{"val_loss": 3.2051446437835693, "val_acc": 0.2272000014781952}