{"val_loss": 3.0232694149017334, "val_acc": 0.2597000002861023}