{"val_loss": 3.6242401599884033, "val_acc": 0.1535000056028366}