{"val_loss": 3.0950732231140137, "val_acc": 0.23960000276565552, "recall": 0.23959999999999998, "fpr": 0.0076808080808080815, "overfitting_tendency": 0.01120305061340332, "complexity": 65188, "mean_predictions_time": 0.45873336493968964}