{"val_loss": 3.266876697540283, "val_acc": 0.20999999344348907, "recall": 0.20999999999999994, "fpr": 0.007979797979797981, "overfitting_tendency": 0.10687518119812012, "complexity": 65188}