{"val_loss": 3.0950732231140137, "val_acc": 0.23960000276565552}