{"val_loss": 1.8014742136001587, "val_acc": 0.5619999766349792, "recall": 0.5619999999999999, "fpr": 0.004424242424242425, "f1_score": 0.6265060240963856, "complexity": 1391236, "mean_predictions_time": 0.5991753516718745}