{"val_loss": 2.693890333175659, "val_acc": 0.35030001401901245, "recall": 0.3503, "fpr": 0.006562626262626262, "f1_score": 0.25196850393700787, "overfitting_tendency": -0.5941157341003418, "complexity": 515876, "mean_predictions_time": 0.23092956747859716}