{"val_loss": 2.493553638458252, "val_acc": 0.3684000074863434, "recall": 0.36840000000000006, "fpr": 0.006379797979797977, "f1_score": 0.34444444444444444, "overfitting_tendency": -0.020578384399414062, "complexity": 1387396, "mean_predictions_time": 1.0684811510145664}