{"val_loss": 2.2780961990356445, "val_acc": 0.41929998993873596, "recall": 0.41929999999999984, "fpr": 0.005865656565656566, "f1_score": 0.42105263157894735, "overfitting_tendency": -0.20504260063171387, "complexity": 1387396, "mean_predictions_time": 0.5761504219844937}