{"val_loss": 3.577319622039795, "val_acc": 0.16019999980926514}