{"val_loss": 3.7437570095062256, "val_acc": 0.13050000369548798}