{"val_loss": 3.2833664417266846, "val_acc": 0.20360000431537628}