{"val_loss": 3.339430093765259, "val_acc": 0.21089999377727509}