{"val_loss": 4.126681327819824, "val_acc": 0.08730000257492065}