{"val_loss": 3.0232694149017334, "val_acc": 0.2597000002861023, "recall": 0.25969999999999993, "fpr": 0.007477777777777774, "overfitting_tendency": -0.03868460655212402, "complexity": 423524}