{"val_loss": 3.285923719406128, "val_acc": 0.2143000066280365, "recall": 0.21429999999999996, "fpr": 0.007936363636363632, "overfitting_tendency": -0.03115105628967285, "complexity": 440420}