{"val_loss": 3.81378173828125, "val_acc": 0.11940000206232071, "recall": 0.11939999999999998, "fpr": 0.00889494949494949, "f1_score": 0.0, "overfitting_tendency": 0.041257619857788086, "complexity": 3331364, "mean_predictions_time": 0.8739404380321503}