{"val_loss": 3.81378173828125, "val_acc": 0.11940000206232071, "recall": 0.11939999999999998, "fpr": 0.00889494949494949, "overfitting_tendency": 0.041257619857788086, "complexity": 3331364}