{"val_loss": 2.8457186222076416, "val_acc": 0.29989999532699585}