{"val_loss": 3.0931427478790283, "val_acc": 0.24729999899864197}