{"val_loss": 2.8457186222076416, "val_acc": 0.29989999532699585, "recall": 0.2999, "fpr": 0.007071717171717173, "f1_score": 0.18487394957983194, "overfitting_tendency": -0.0951850414276123, "complexity": 440420, "mean_predictions_time": 0.539044514298439}